,test_subject,max_test_acc,lastEpTrainAcc
0,1,0.6111111111111112,0.7317708333333334
1,2,0.6388888888888888,0.7348090277777778
2,3,0.7083333333333334,0.7278645833333334
3,4,0.6527777777777778,0.7165798611111112
4,5,0.8854166666666666,0.7322048611111112
5,6,0.7326388888888888,0.7630208333333334
6,7,0.8958333333333334,0.7630208333333334
7,8,0.8506944444444444,0.7322048611111112
8,9,0.6493055555555556,0.7105034722222222
