,test_subject,max_test_acc,lastEpTrainAcc
0,1,0.7115987460815048,0.6238425925925926
1,2,0.5724137931034483,0.7256944444444444
2,3,0.75,0.7083333333333334
3,4,0.6758620689655173,0.7233796296296295
