,test_subject,max_test_acc
0,1,0.6775
1,2,0.7575
2,3,0.69
3,4,0.755
4,5,0.5875
5,6,0.76
6,7,0.6
7,8,0.6183333333333333
8,9,0.68
9,10,0.6116666666666667
10,11,0.5616666666666666
11,12,0.55
